ip_sender,r1t1_x,r1t1_y,r2t1_x,r2t1_y,r3t1_x,r3t1_y,r4t1_x,r4t1_y,r5t1_x,r5t1_y,r6t1_x,r6t1_y,r1t2_x,r1t2_y,r2t2_x,r2t2_y,r3t2_x,r3t2_y,r4t2_x,r4t2_y,r5t2_x,r5t2_y,r6t2_x,r6t2_y,ball_holder,pass_to
::ffff:127.0.0.1,455.71936808395947,805.9109968174996,1047.8282813512058,831.4037286102025,968.29754360616,802.8751264228563,518.6332188833326,849.1564826468913,705.4394607653202,404.91261772153547,890.9803402083181,607.8697190187224,843.227007982024,405.3409101142857,1078.691761441074,137.95901715283273,952.7362375630391,195.86189403392336,784.4835804024198,210.21894380466304,971.7426456476661,480.71943633141825,255.0759056826065,806.4939259477532,r2t1,r5t1
::ffff:127.0.0.1,326.05957409658674,152.1678304043177,227.50491175484345,511.7156851179322,927.7049603632847,786.3163072063381,521.0873769278454,653.796734419017,273.6562378706292,512.1227054869046,210.82566682956985,603.3728850628133,1061.989465998294,402.63276704892985,596.3602716838972,634.1825840634503,645.8100008522918,662.8147049021293,889.5294876735371,530.5509148863686,745.5317999824501,128.23512542576898,804.3769917056486,601.5510741635037,r4t1,r5t1
::ffff:127.0.0.1,476.4449099831148,396.23793098647843,166.47735869548674,311.9371973876514,1067.290708950085,199.29403941815212,859.8041452532009,382.37110325643255,1152.2353949431572,448.4448668655083,1055.2879586834351,665.810930185437,1179.843085471929,129.982002683284,541.0956352543581,708.4466292806572,457.23874305857834,639.0701313797933,403.6081321869878,843.8544158452114,1080.0092902786546,826.4745777481694,366.2475392419145,817.5456135315347,r4t1,r3t1
::ffff:127.0.0.1,1087.8555641868047,136.79663216938738,958.2528605190939,398.66039802435887,987.5510878498121,471.64710684468855,343.54338879339,571.205036999492,197.0859166972835,672.705731825779,124.22340018994196,415.7380468298725,780.6770176959718,496.24914481412156,1144.0270464180842,440.9191696408006,1176.577902312979,676.1449972388243,1242.597557879258,190.34139203199408,202.997972735921,795.4142377786125,494.84182837311465,779.5455539116823,r6t1,r1t1